Producto,Precio
Café Áfricas en cápsulas Nescafé Farmers Origins compatible con Nespresso 36 ud.,12.59
Galletas Flakes Nocilla Cuétara 105 g.,1.2
Chocolate con leche & blanco cookies Duo Valor 170 g.,3.09
Fever-Trees sicilian lemonade pack 4 botellas 20 cl.,6.15
Toallitas húmedas Aguas Kandoo 60 ud.,3.75
Colgador WC First Kiss Flower Pato 1 ud.,2.79
Limpiahogar universal con bioalcohol Brillante Tenn 1,25 l.,4.35
Colutorio CPC Protect Vitis 500 ml.,10.45
Barritas de chocolate con leche White Kinder Bueno 312 g.,6.75
Chapelas cacao Dulcesol 3 ud.,1.1
